{
  "project_info": {
    "project_number": "1028628118596",
    "project_id": "travelme-3aa2a",
    "storage_bucket": "travelme-3aa2a.appspot.com"
  },
  "client": [
    {
      "client_info": {
        "mobilesdk_app_id": "1:1028628118596:android:4f4e70510054042681d011",
        "android_client_info": {
          "package_name": "com.example.travelme"
        }
      },
      "oauth_client": [
        {
          "client_id": "1028628118596-s69n940so7dqbhdfeen608cuccpqkio9.apps.googleusercontent.com",
          "client_type": 3
        }
      ],
      "api_key": [
        {
          "current_key": "AIzaSyAtbtK4hkMXNsqswALwCzipDGozVmvsRNw"
        }
      ],
      "services": {
        "appinvite_service": {
          "other_platform_oauth_client": [
            {
              "client_id": "1028628118596-s69n940so7dqbhdfeen608cuccpqkio9.apps.googleusercontent.com",
              "client_type": 3
            }
          ]
        }
      }
    }
  ],
  "configuration_version": "1"
}